Workbook

Sheet Cover Page
A2: IT SOX ASSESSOR
A3: Pre-Deployment SOX Assessment Questionnaire
A5: Policy Name | B5: Change Management Policy SOX ITGC Based
A6: Source File | B6: Change_Management_Policy_SOX_ITGC_Based_.pdf
A7: Policy Summary / Purpose | B7: This policy defines mandatory IT SOX / ITGC requirements covering 10 control(s) across the following control area(s): Change Management, Segregation of Duties, Environment Management, Privileged Access. Key process areas addressed include: Change Request & Risk Assessment; Testing; Change Approval; Implementation & Rollback; Change Authorisation; Environment Separation; Production Deployment Access; Emergency Changes. The requirements are intended to ensure changes/activities affecting in-scope systems are appropriately requested, risk-assessed, tested, approved, implemented and evidenced, with adequate segregation of duties and auditable records maintained throughout.
A8: New System / Application Name | B8: SAP Hana
A9: Assessment Prepared By | B9: Ranjith Kumar Dhayalan
A10: Assessment Date | B10: 12-Sep-2026
A11: Target Go-Live Date | B11: 12-Sep-2026
A12: Total SOX Controls Assessed | B12: 10
A13: Control Numbers Covered | B13: CM-01, CM-02, CM-03, CM-04, CM-05, CM-06, CM-07, CM-08, CM-09, CM-10
A15: Control Index
A16: Control No. | B16: Control Area | C16: Total Assessment Questions
A17: CM-01 | B17: Change Management - Change Request & Risk Assessment | C17: 3
A18: CM-02 | B18: Change Management - Testing | C18: 4
A19: CM-03 | B19: Change Management - Change Approval | C19: 4
A20: CM-04 | B20: Change Management - Implementation & Rollback | C20: 4
A21: CM-05 | B21: Segregation of Duties - Change Authorisation | C21: 4
A22: CM-06 | B22: Environment Management - Environment Separation | C22: 4
A23: CM-07 | B23: Privileged Access - Production Deployment Access | C23: 4
A24: CM-08 | B24: Change Management - Emergency Changes | C24: 4
A25: CM-09 | B25: Change Management - Documentation & Evidence | C25: 4
A26: CM-10 | B26: Change Management - Post-Implementation Review | C26: 5

Sheet Summary & Sign-off
A1: Summary & Sign-off
A3: Control No. | B3: Control Area | C3: Total Questions | D3: Yes | E3: No | F3: N/A | G3: Open Items | H3: Overall Status
A4: CM-01 | B4: Change Management - Change Request & Risk Assessment | C4: 3 | D4: =COUNTIF('CM-01'!$F$8:$F$208,"Yes") | E4: =COUNTIF('CM-01'!$F$8:$F$208,"No") | F4: =COUNTIF('CM-01'!$F$8:$F$208,"N/A") | G4: =C4-D4-F4 | H4: =IF(C4=0,"N/A",IF(G4=0,"Complete",IF(D4=0,"In Progress","Open - Action Needed")))
A5: CM-02 | B5: Change Management - Testing | C5: 4 | D5: =COUNTIF('CM-02'!$F$8:$F$208,"Yes") | E5: =COUNTIF('CM-02'!$F$8:$F$208,"No") | F5: =COUNTIF('CM-02'!$F$8:$F$208,"N/A") | G5: =C5-D5-F5 | H5: =IF(C5=0,"N/A",IF(G5=0,"Complete",IF(D5=0,"In Progress","Open - Action Needed")))
A6: CM-03 | B6: Change Management - Change Approval | C6: 4 | D6: =COUNTIF('CM-03'!$F$8:$F$208,"Yes") | E6: =COUNTIF('CM-03'!$F$8:$F$208,"No") | F6: =COUNTIF('CM-03'!$F$8:$F$208,"N/A") | G6: =C6-D6-F6 | H6: =IF(C6=0,"N/A",IF(G6=0,"Complete",IF(D6=0,"In Progress","Open - Action Needed")))
A7: CM-04 | B7: Change Management - Implementation & Rollback | C7: 4 | D7: =COUNTIF('CM-04'!$F$8:$F$208,"Yes") | E7: =COUNTIF('CM-04'!$F$8:$F$208,"No") | F7: =COUNTIF('CM-04'!$F$8:$F$208,"N/A") | G7: =C7-D7-F7 | H7: =IF(C7=0,"N/A",IF(G7=0,"Complete",IF(D7=0,"In Progress","Open - Action Needed")))
A8: CM-05 | B8: Segregation of Duties - Change Authorisation | C8: 4 | D8: =COUNTIF('CM-05'!$F$8:$F$208,"Yes") | E8: =COUNTIF('CM-05'!$F$8:$F$208,"No") | F8: =COUNTIF('CM-05'!$F$8:$F$208,"N/A") | G8: =C8-D8-F8 | H8: =IF(C8=0,"N/A",IF(G8=0,"Complete",IF(D8=0,"In Progress","Open - Action Needed")))
A9: CM-06 | B9: Environment Management - Environment Separation | C9: 4 | D9: =COUNTIF('CM-06'!$F$8:$F$208,"Yes") | E9: =COUNTIF('CM-06'!$F$8:$F$208,"No") | F9: =COUNTIF('CM-06'!$F$8:$F$208,"N/A") | G9: =C9-D9-F9 | H9: =IF(C9=0,"N/A",IF(G9=0,"Complete",IF(D9=0,"In Progress","Open - Action Needed")))
A10: CM-07 | B10: Privileged Access - Production Deployment Access | C10: 4 | D10: =COUNTIF('CM-07'!$F$8:$F$208,"Yes") | E10: =COUNTIF('CM-07'!$F$8:$F$208,"No") | F10: =COUNTIF('CM-07'!$F$8:$F$208,"N/A") | G10: =C10-D10-F10 | H10: =IF(C10=0,"N/A",IF(G10=0,"Complete",IF(D10=0,"In Progress","Open - Action Needed")))
A11: CM-08 | B11: Change Management - Emergency Changes | C11: 4 | D11: =COUNTIF('CM-08'!$F$8:$F$208,"Yes") | E11: =COUNTIF('CM-08'!$F$8:$F$208,"No") | F11: =COUNTIF('CM-08'!$F$8:$F$208,"N/A") | G11: =C11-D11-F11 | H11: =IF(C11=0,"N/A",IF(G11=0,"Complete",IF(D11=0,"In Progress","Open - Action Needed")))
A12: CM-09 | B12: Change Management - Documentation & Evidence | C12: 4 | D12: =COUNTIF('CM-09'!$F$8:$F$208,"Yes") | E12: =COUNTIF('CM-09'!$F$8:$F$208,"No") | F12: =COUNTIF('CM-09'!$F$8:$F$208,"N/A") | G12: =C12-D12-F12 | H12: =IF(C12=0,"N/A",IF(G12=0,"Complete",IF(D12=0,"In Progress","Open - Action Needed")))
A13: CM-10 | B13: Change Management - Post-Implementation Review | C13: 5 | D13: =COUNTIF('CM-10'!$F$8:$F$208,"Yes") | E13: =COUNTIF('CM-10'!$F$8:$F$208,"No") | F13: =COUNTIF('CM-10'!$F$8:$F$208,"N/A") | G13: =C13-D13-F13 | H13: =IF(C13=0,"N/A",IF(G13=0,"Complete",IF(D13=0,"In Progress","Open - Action Needed")))
A16: Control Sign-off
A17: Control Owner Name
A18: System Name | C18: SAP Hana
A19: Signature
A20: Date

Sheet CM-01
A1: SOX Control Assessment - CM-01
A2: Control Number | C2: CM-01
A3: Control Title | C3: Change Management - Change Request & Risk Assessment
A4: Control Statement | C4: In-scope changes follow a controlled lifecycle beginning with a documented change request and risk/impact assessment covering affected systems, security and dependencies.
A5: Assessment Objective | C5: Ensure in-scope changes are formally requested and appropriately assessed before implementation.
A7: S.No | B7: Assessment Question | C7: Control Objective | D7: Expected Evidence | E7: Policy/RCM Reference | F7: Response | G7: Comments | H7: Action Date
A8: 1 | B8: Has a formal change request and risk/impact assessment process been established for the proposed system? | C8: Ensure in-scope changes are formally requested and appropriately assessed before implementation. | D8: Change record; risk and impact assessment | E8: Sections 4, 5 and 6
A9: 2 | B9: Does the new system's process ensure that in-scope changes follow a controlled lifecycle beginning with a documented change request and risk/impact assessment covering affected systems, security and dependencies? | C9: Ensure in-scope changes are formally requested and appropriately assessed before implementation. | D9: Change record | E9: Sections 4, 5 and 6
A10: 3 | B10: Has an adequate control been designed and implemented to prevent/detect the risk that changes may be implemented without adequate identification of impact, dependencies, security considerations, or financial reporting implications? | C10: Ensure in-scope changes are formally requested and appropriately assessed before implementation. | D10: Change record | E10: Sections 4, 5 and 6

Sheet CM-02
A1: SOX Control Assessment - CM-02
A2: Control Number | C2: CM-02
A3: Control Title | C3: Change Management - Testing
A4: Control Statement | C4: Normal changes require testing evidence before implementation. Changes are tested in a non-production environment, with automated development/security checks appropriate to the technology and evidence linked to the change record.
A5: Assessment Objective | C5: Ensure changes are tested before production implementation.
A7: S.No | B7: Assessment Question | C7: Control Objective | D7: Expected Evidence | E7: Policy/RCM Reference | F7: Response | G7: Comments | H7: Action Date
A8: 1 | B8: Has testing been defined and performed in a non-production environment before production deployment? | C8: Ensure changes are tested before production implementation. | D8: Test scripts/results; UAT evidence; automated check results; change record | E8: Sections 5, 6 and 8
A9: 2 | B9: Does the new system's process ensure that normal changes require testing evidence before implementation? | C9: Ensure changes are tested before production implementation. | D9: Test scripts/results | E9: Sections 5, 6 and 8
A10: 3 | B10: Does the new system's process ensure that changes are tested in a non-production environment, with automated development/security checks appropriate to the technology and evidence linked to the change record? | C10: Ensure changes are tested before production implementation. | D10: UAT evidence | E10: Sections 5, 6 and 8
A11: 4 | B11: Has an adequate control been designed and implemented to prevent/detect the risk that untested or inadequately tested changes may introduce errors that affect system processing or financial reporting? | C11: Ensure changes are tested before production implementation. | D11: Test scripts/results | E11: Sections 5, 6 and 8

Sheet CM-03
A1: SOX Control Assessment - CM-03
A2: Control Number | C2: CM-03
A3: Control Title | C3: Change Management - Change Approval
A4: Control Statement | C4: Normal changes require appropriate review and approval before implementation. Higher-risk changes require an independent second reviewer, and production implementation requires an approved change record except for emergency changes.
A5: Assessment Objective | C5: Ensure production changes receive appropriate authorization before implementation.
A7: S.No | B7: Assessment Question | C7: Control Objective | D7: Expected Evidence | E7: Policy/RCM Reference | F7: Response | G7: Comments | H7: Action Date
A8: 1 | B8: Is an approval workflow established that requires appropriate authorization before production implementation? | C8: Ensure production changes receive appropriate authorization before implementation. | D8: Approval record; CAB approval; change workflow audit trail | E8: Sections 4, 5 and 6
A9: 2 | B9: Does the new system's process ensure that normal changes require appropriate review and approval before implementation? | C9: Ensure production changes receive appropriate authorization before implementation. | D9: Approval record | E9: Sections 4, 5 and 6
A10: 3 | B10: Does the new system's process ensure that higher-risk changes require an independent second reviewer, and production implementation requires an approved change record except for emergency changes? | C10: Ensure production changes receive appropriate authorization before implementation. | D10: CAB approval | E10: Sections 4, 5 and 6
A11: 4 | B11: Has an adequate control been designed and implemented to prevent/detect the risk that unauthorized production changes may be implemented without appropriate management oversight? | C11: Ensure production changes receive appropriate authorization before implementation. | D11: Approval record | E11: Sections 4, 5 and 6

Sheet CM-04
A1: SOX Control Assessment - CM-04
A2: Control Number | C2: CM-04
A3: Control Title | C3: Change Management - Implementation & Rollback
A4: Control Statement | C4: Production changes require documented rollback arrangements. The change lifecycle requires implementation and rollback plans, and the implementer must stop or roll back when required.
A5: Assessment Objective | C5: Ensure production changes have documented implementation and rollback arrangements.
A7: S.No | B7: Assessment Question | C7: Control Objective | D7: Expected Evidence | E7: Policy/RCM Reference | F7: Response | G7: Comments | H7: Action Date
A8: 1 | B8: Does the implementation process require a documented rollback plan for production changes? | C8: Ensure production changes have documented implementation and rollback arrangements. | D8: Implementation plan; rollback plan; change record | E8: Sections 4, 6 and 13
A9: 2 | B9: Does the new system's process ensure that production changes require documented rollback arrangements? | C9: Ensure production changes have documented implementation and rollback arrangements. | D9: Implementation plan | E9: Sections 4, 6 and 13
A10: 3 | B10: Does the new system's process ensure that the change lifecycle requires implementation and rollback plans, and the implementer must stop or roll back when required? | C10: Ensure production changes have documented implementation and rollback arrangements. | D10: rollback plan | E10: Sections 4, 6 and 13
A11: 4 | B11: Has an adequate control been designed and implemented to prevent/detect the risk that failed changes may cause prolonged disruption or data/system integrity issues if rollback arrangements are not available? | C11: Ensure production changes have documented implementation and rollback arrangements. | D11: Implementation plan | E11: Sections 4, 6 and 13

Sheet CM-05
A1: SOX Control Assessment - CM-05
A2: Control Number | C2: CM-05
A3: Control Title | C3: Segregation of Duties - Change Authorisation
A4: Control Statement | C4: Controls require separation between change authorship and approval. Developers are prevented from independently deploying to production, and approvals provide an auditable trail.
A5: Assessment Objective | C5: Maintain appropriate segregation between change authorship and approval.
A7: S.No | B7: Assessment Question | C7: Control Objective | D7: Expected Evidence | E7: Policy/RCM Reference | F7: Response | G7: Comments | H7: Action Date
A8: 1 | B8: Is segregation of duties established so the change author cannot solely approve their own production change? | C8: Maintain appropriate segregation between change authorship and approval. | D8: Approval workflow; role/permission matrix; audit trail | E8: Section 7; Section 11
A9: 2 | B9: Does the new system's process ensure that controls require separation between change authorship and approval? | C9: Maintain appropriate segregation between change authorship and approval. | D9: Approval workflow | E9: Section 7; Section 11
A10: 3 | B10: Does the new system's process ensure that developers are prevented from independently deploying to production, and approvals provide an auditable trail? | C10: Maintain appropriate segregation between change authorship and approval. | D10: role/permission matrix | E10: Section 7; Section 11
A11: 4 | B11: Has an adequate control been designed and implemented to prevent/detect the risk that a change author may approve their own production change, increasing the risk of unauthorized or inappropriate changes? | C11: Maintain appropriate segregation between change authorship and approval. | D11: Approval workflow | E11: Section 7; Section 11

Sheet CM-06
A1: SOX Control Assessment - CM-06
A2: Control Number | C2: CM-06
A3: Control Title | C3: Environment Management - Environment Separation
A4: Control Statement | C4: Development, staging and production environments are separated with distinct credentials and data controls. Production data should not be copied to lower environments unless appropriately masked or synthesised.
A5: Assessment Objective | C5: Maintain separation between development, staging and production environments and protect data.
A7: S.No | B7: Assessment Question | C7: Control Objective | D7: Expected Evidence | E7: Policy/RCM Reference | F7: Response | G7: Comments | H7: Action Date
A8: 1 | B8: Are development, staging and production environments appropriately separated with suitable data controls? | C8: Maintain separation between development, staging and production environments and protect data. | D8: Environment architecture; access listing; data masking controls | E8: Section 7
A9: 2 | B9: Does the new system's process ensure that development, staging and production environments are separated with distinct credentials and data controls? | C9: Maintain separation between development, staging and production environments and protect data. | D9: Environment architecture | E9: Section 7
A10: 3 | B10: Does the new system's process ensure that production data should not be copied to lower environments unless appropriately masked or synthesised? | C10: Maintain separation between development, staging and production environments and protect data. | D10: access listing | E10: Section 7
A11: 4 | B11: Has an adequate control been designed and implemented to prevent/detect the risk that changes or data may be introduced into production without appropriate testing, or production data may be exposed in lower environments? | C11: Maintain separation between development, staging and production environments and protect data. | D11: Environment architecture | E11: Section 7

Sheet CM-07
A1: SOX Control Assessment - CM-07
A2: Control Number | C2: CM-07
A3: Control Title | C3: Privileged Access - Production Deployment Access
A4: Control Statement | C4: Production deployment privileges are restricted; privileged deployment credentials are controlled and auditable, and developers are prevented from independently deploying to production.
A5: Assessment Objective | C5: Restrict and monitor privileged production deployment capabilities.
A7: S.No | B7: Assessment Question | C7: Control Objective | D7: Expected Evidence | E7: Policy/RCM Reference | F7: Response | G7: Comments | H7: Action Date
A8: 1 | B8: Is production deployment access restricted to authorized personnel and supported by auditable privileged access controls? | C8: Restrict and monitor privileged production deployment capabilities. | D8: Privileged access listing; deployment permissions; audit logs | E8: Section 7
A9: 2 | B9: Does the new system's process ensure that production deployment privileges are restricted? | C9: Restrict and monitor privileged production deployment capabilities. | D9: Privileged access listing | E9: Section 7
A10: 3 | B10: Does the new system's process ensure that privileged deployment credentials are controlled and auditable, and developers are prevented from independently deploying to production? | C10: Restrict and monitor privileged production deployment capabilities. | D10: deployment permissions | E10: Section 7
A11: 4 | B11: Has an adequate control been designed and implemented to prevent/detect the risk that unrestricted privileged deployment access may permit unauthorized production changes? | C11: Restrict and monitor privileged production deployment capabilities. | D11: Privileged access listing | E11: Section 7

Sheet CM-08
A1: SOX Control Assessment - CM-08
A2: Control Number | C2: CM-08
A3: Control Title | C3: Change Management - Emergency Changes
A4: Control Statement | C4: Emergency changes are limited to service restoration or active security incidents. They require contemporaneous approval where practicable, a complete retrospective record documenting cause, action and validation, and CAB review within the required retrospective period.
A5: Assessment Objective | C5: Ensure emergency changes are limited, documented, approved and retrospectively reviewed.
A7: S.No | B7: Assessment Question | C7: Control Objective | D7: Expected Evidence | E7: Policy/RCM Reference | F7: Response | G7: Comments | H7: Action Date
A8: 1 | B8: Is there a defined emergency change process requiring appropriate approval, documentation and retrospective review? | C8: Ensure emergency changes are limited, documented, approved and retrospectively reviewed. | D8: Emergency change ticket; approval; validation; CAB review | E8: Sections 5 and 9
A9: 2 | B9: Does the new system's process ensure that emergency changes are limited to service restoration or active security incidents? | C9: Ensure emergency changes are limited, documented, approved and retrospectively reviewed. | D9: Emergency change ticket | E9: Sections 5 and 9
A10: 3 | B10: Does the new system's process ensure that they require contemporaneous approval where practicable, a complete retrospective record documenting cause, action and validation, and CAB review within the required retrospective period? | C10: Ensure emergency changes are limited, documented, approved and retrospectively reviewed. | D10: approval | E10: Sections 5 and 9
A11: 4 | B11: Has an adequate control been designed and implemented to prevent/detect the risk that emergency changes may bypass normal authorization, testing and documentation requirements? | C11: Ensure emergency changes are limited, documented, approved and retrospectively reviewed. | D11: Emergency change ticket | E11: Sections 5 and 9

Sheet CM-09
A1: SOX Control Assessment - CM-09
A2: Control Number | C2: CM-09
A3: Control Title | C3: Change Management - Documentation & Evidence
A4: Control Statement | C4: Each change record should contain the change description, risk assessment, approval, test evidence and rollback plan. Approvals should provide an auditable trail and records are retained for the stated minimum period or longer where required.
A5: Assessment Objective | C5: Maintain complete and auditable change records and supporting evidence.
A7: S.No | B7: Assessment Question | C7: Control Objective | D7: Expected Evidence | E7: Policy/RCM Reference | F7: Response | G7: Comments | H7: Action Date
A8: 1 | B8: Does the proposed change management process retain complete, auditable records and supporting evidence? | C8: Maintain complete and auditable change records and supporting evidence. | D8: Complete change record; approval trail; attachments; retention evidence | E8: Section 11
A9: 2 | B9: Does the new system's process ensure that each change record should contain the change description, risk assessment, approval, test evidence and rollback plan? | C9: Maintain complete and auditable change records and supporting evidence. | D9: Complete change record | E9: Section 11
A10: 3 | B10: Does the new system's process ensure that approvals should provide an auditable trail and records are retained for the stated minimum period or longer where required? | C10: Maintain complete and auditable change records and supporting evidence. | D10: approval trail | E10: Section 11
A11: 4 | B11: Has an adequate control been designed and implemented to prevent/detect the risk that insufficient evidence may prevent management and auditors from demonstrating that changes were authorized, tested and appropriately implemented? | C11: Maintain complete and auditable change records and supporting evidence. | D11: Complete change record | E11: Section 11

Sheet CM-10
A1: SOX Control Assessment - CM-10
A2: Control Number | C2: CM-10
A3: Control Title | C3: Change Management - Post-Implementation Review
A4: Control Statement | C4: Failed and emergency changes require documented post-implementation review. The implementer records outcomes and stops or rolls back when required; post-implementation review is performed where required.
A5: Assessment Objective | C5: Ensure failed and emergency changes receive appropriate post-implementation review.
A7: S.No | B7: Assessment Question | C7: Control Objective | D7: Expected Evidence | E7: Policy/RCM Reference | F7: Response | G7: Comments | H7: Action Date
A8: 1 | B8: Is there a process for post-implementation review of failed and emergency changes, including remediation where required? | C8: Ensure failed and emergency changes receive appropriate post-implementation review. | D8: Post-implementation review; incident/change record; remediation evidence | E8: Sections 6, 9 and 11
A9: 2 | B9: Does the new system's process ensure that failed and emergency changes require documented post-implementation review? | C9: Ensure failed and emergency changes receive appropriate post-implementation review. | D9: Post-implementation review | E9: Sections 6, 9 and 11
A10: 3 | B10: Does the new system's process ensure that the implementer records outcomes and stops or rolls back when required? | C10: Ensure failed and emergency changes receive appropriate post-implementation review. | D10: incident/change record | E10: Sections 6, 9 and 11
A11: 4 | B11: Does the new system's process ensure that post-implementation review is performed where required? | C11: Ensure failed and emergency changes receive appropriate post-implementation review. | D11: remediation evidence | E11: Sections 6, 9 and 11
A12: 5 | B12: Has an adequate control been designed and implemented to prevent/detect the risk that failed or emergency changes may not be analyzed, allowing recurring issues or control failures to remain unresolved? | C12: Ensure failed and emergency changes receive appropriate post-implementation review. | D12: Post-implementation review | E12: Sections 6, 9 and 11
